Category,ID,Word,Part of Speech,Definition
taxonomic-genus-name,10026,Dog,Noun,A member of the genus Canis (probably descended from the common wolf) that has been domesticated by man since prehistoric times; occurs in many breeds.
taxonomic-genus-name,10333,Cob,Noun,Nut of any of several trees of the genus Corylus.
taxonomic-genus-name,10367,Elm,Noun,Any of various trees of the genus Ulmus: important timber or shade trees.
taxonomic-genus-name,10402,Haw,Noun,A spring-flowering shrub or small tree of the genus Crataegus.
taxonomic-genus-name,10459,Mya,Noun,Type genus of the family Myacidae.
taxonomic-genus-name,10469,Mus,Noun,Type genus of the Muridae: common house mice; the tips of the upper incisors have a square notch.
taxonomic-genus-name,10527,Sus,Noun,Type genus of the Suidae.
taxonomic-genus-name,10547,Uta,Noun,A reptile genus of Iguanidae.
taxonomic-genus-name,10830,Bart,Noun,A member of the British order of honor; ranks below a baron but above a knight.
taxonomic-genus-name,11155,Rose,Noun,Any of many shrubs of the genus Rosa that bear roses.
taxonomic-genus-name,11346,Alca,Noun,Type genus of the Alcidae comprising solely the razorbill.
taxonomic-genus-name,11353,Amia,Noun,Type genus of the Amiidae.
taxonomic-genus-name,11357,Anas,Noun,Type genus of the Anatidae: freshwater ducks.
taxonomic-genus-name,11362,Apis,Noun,Type genus of the Apidae: honeybees.
taxonomic-genus-name,11365,Arca,Noun,Type genus of the family Arcidae: ark shells and blood clams.
taxonomic-genus-name,11587,Gyps,Noun,"A genus of large Old World vultures, which includes the griffon vulture."
taxonomic-genus-name,11593,Glis,Noun,A genus of rodents that contains the edible dormouse.
taxonomic-genus-name,11615,Gulo,Noun,A genus of the weasel family that contains the wolverine.
taxonomic-genus-name,11628,Hyla,Noun,A genus of small tree frogs.
taxonomic-genus-name,11737,Maia,Noun,"A genus of spider crabs, a group of crabs with long spindly legs and spiny shells."
taxonomic-genus-name,11740,Maja,Noun,"A genus of spider crabs that includes the large, spiny crab of European coasts."
taxonomic-genus-name,11783,Musa,Noun,Type genus of the Musaceae: bananas.
taxonomic-genus-name,11794,Nepa,Noun,Type genus of the Nepidae: typical elongate-oval water scorpions.
taxonomic-genus-name,11799,Nipa,Noun,Monotypic genus of palms of Australasia.
taxonomic-genus-name,11803,Nuda,Noun,Ctenophores lacking tentacles; comprises one genus: beroe.
taxonomic-genus-name,11810,Olea,Noun,"A genus of evergreen trees and shrubs, including the olive, that have oily one-seeded fruits."
taxonomic-genus-name,11820,Otus,Noun,A genus of small owls known as scops owls.
taxonomic-genus-name,11821,Ovis,Noun,The scientific name for the genus that includes the domestic sheep and its wild relatives.
taxonomic-genus-name,11848,Pipa,Noun,"A genus of flat, tongueless frogs of South America, including the Surinam toad."
taxonomic-genus-name,11888,Rana,Noun,A genus of frogs that includes the common true frogs.
taxonomic-genus-name,11900,Rhus,Noun,"A genus of shrubs and small trees, the sumacs, with red fruit clusters and bright autumn leaves."
taxonomic-genus-name,11924,Ruta,Noun,A genus of strong-smelling herbs that includes the plant called rue.
taxonomic-genus-name,11953,Sida,Noun,"A genus of tropical plants, some of which are grown for their fibre."
taxonomic-genus-name,11958,Sium,Noun,"A genus of tall water plants, the water parsnips, found in wet places in the north."
taxonomic-genus-name,12070,Ulex,Noun,Genus of Eurasian spiny shrubs: gorse.
taxonomic-genus-name,12685,Hevea,Noun,Small genus of South American trees yielding latex.
taxonomic-genus-name,13093,Greek,Noun,The Hellenic branch of the Indo-European family of languages.
taxonomic-genus-name,13351,Aotus,Noun,"A genus of small night monkeys, called douroucoulis, found in the forests of Central and South America."
taxonomic-genus-name,13353,Aphis,Noun,Type genus of the Aphididae: injurious to fruit trees and vegetables.
taxonomic-genus-name,13359,Ardea,Noun,Type genus of the Ardeidae: large New and Old World herons.
taxonomic-genus-name,13383,Avahi,Noun,"A genus of woolly lemurs, active at night, found in the forests of Madagascar."
taxonomic-genus-name,13401,Batis,Noun,Small genus of plants constituting the family Batidaceae: low straggling dioecious shrubs.
taxonomic-genus-name,13426,Bitis,Noun,"A genus of African vipers, including the puff adder and the gaboon viper."
taxonomic-genus-name,13515,Catha,Noun,A genus of African evergreen shrubs characterized by thick leaves and white flowers.
taxonomic-genus-name,13535,Charr,Noun,Any of several small trout-like fish of the genus Salvelinus.
taxonomic-genus-name,13560,Cypre,Noun,Large tropical American tree of the genus Cordia grown for its abundant creamy white flowers and valuable wood.
taxonomic-genus-name,13627,Culex,Noun,"A widespread genus of mosquitoes, including kinds that can spread diseases such as filariasis."
taxonomic-genus-name,13666,Dipus,Noun,Type genus of the Dipodidae; typical jerboas having three toes on each hind foot.
taxonomic-genus-name,13707,Durio,Noun,"A genus of tall tropical Asian trees that bear the large, spiky durian fruit."
taxonomic-genus-name,13724,Elops,Noun,"A genus of silvery fish, called tenpounders or ladyfish, found in warm coastal seas."
taxonomic-genus-name,13742,Equus,Noun,"The genus of animals that includes horses, donkeys and zebras."
taxonomic-genus-name,13745,Eruca,Noun,A genus of Mediterranean herbs that includes the peppery salad plant called rocket.
taxonomic-genus-name,13754,Fagus,Noun,The genus of trees known as beeches.
taxonomic-genus-name,13758,Falco,Noun,"The genus of falcons, fast-flying birds of prey."
taxonomic-genus-name,13768,Felis,Noun,The genus of small wild cats and the domestic cat.
taxonomic-genus-name,13936,Hokan,Noun,A proposed family of Native American languages once spoken in California and nearby areas.
taxonomic-genus-name,14091,Linum,Noun,"A genus of slender plants that includes flax, with small blue or yellow flowers."
taxonomic-genus-name,14109,Loxia,Noun,"A genus of finches known as crossbills, whose beaks cross at the tips to prise open pine cones."
taxonomic-genus-name,14113,Lunda,Noun,"A genus of North Pacific puffins with large, colourful bills and long head tufts."
taxonomic-genus-name,14119,Lutra,Noun,A genus of freshwater otters that includes the Eurasian otter.
taxonomic-genus-name,14121,Madia,Noun,"A genus of North American plants called tarweeds, with sticky leaves and yellow flowers."
taxonomic-genus-name,14128,Malus,Noun,A genus of trees that includes apples and crabapples.
taxonomic-genus-name,14129,Malva,Noun,"A genus of plants called mallows, with pink or purple flowers and soft, rounded leaves."
taxonomic-genus-name,14134,Manis,Noun,"A genus containing the pangolins, scaly anteaters of Africa and Asia."
taxonomic-genus-name,14151,Meles,Noun,A genus of badgers that includes the European badger.
taxonomic-genus-name,14152,Melia,Noun,"A genus of tropical trees with feathery leaves, including the chinaberry."
taxonomic-genus-name,14155,Mesua,Noun,"A genus of tropical Asian trees with large, fragrant white flowers."
taxonomic-genus-name,14165,Mimus,Noun,"A genus of mockingbirds, birds known for copying the songs of other birds."
taxonomic-genus-name,14169,Mirid,Noun,"A small plant-feeding insect from a large family of true bugs, some of which damage crops."
taxonomic-genus-name,14172,Mysis,Noun,"A genus of small, shrimp-like crustaceans that live in the sea and in fresh water."
taxonomic-genus-name,14176,Mnium,Noun,"A genus of mosses with broad, soft leaves that grow in damp, shady places."
taxonomic-genus-name,14191,Morus,Noun,A genus of trees that includes the mulberries.
taxonomic-genus-name,14203,Mugil,Noun,A genus of fish that includes the grey mullets.
taxonomic-genus-name,14217,Naias,Noun,A genus of submerged freshwater plants with narrow leaves.
taxonomic-genus-name,14223,Nasua,Noun,"A genus of long-nosed mammals, the coatis, related to the raccoon."
taxonomic-genus-name,14235,Nyssa,Noun,"A genus of trees, the tupelos, that grow in swamps and wet ground."
taxonomic-genus-name,14246,Ochna,Noun,A genus of tropical trees and shrubs with yellow flowers.
taxonomic-genus-name,14256,Orach,Noun,"A leafy plant of the genus Atriplex, sometimes eaten like spinach."
taxonomic-genus-name,14259,Oryza,Noun,The genus of grasses that includes cultivated rice.
taxonomic-genus-name,14276,Padda,Noun,A genus of small Asian birds that includes the Java sparrow.
taxonomic-genus-name,14287,Panax,Noun,"A genus of plants with aromatic roots, including ginseng."
taxonomic-genus-name,14293,Papio,Noun,"The scientific genus name for baboons, large African monkeys."
taxonomic-genus-name,14297,Parus,Noun,The scientific genus of small birds known as tits and chickadees.
taxonomic-genus-name,14313,Perca,Noun,The scientific genus of freshwater fish that includes the perches.
taxonomic-genus-name,14320,Phoca,Noun,The scientific genus of the true seals that have no outer ears.
taxonomic-genus-name,14322,Picea,Noun,"The scientific genus of spruce trees, evergreen trees of cold regions."
taxonomic-genus-name,14324,Picus,Noun,The scientific genus of green woodpeckers and their close relatives.
taxonomic-genus-name,14339,Pinus,Noun,The scientific genus of the true pine trees.
taxonomic-genus-name,14344,Pipra,Noun,The scientific genus of small tropical birds called manakins.
taxonomic-genus-name,14345,Pyrus,Noun,The scientific genus of fruit trees that includes the pear.
taxonomic-genus-name,14346,Pisum,Noun,The scientific genus of climbing plants that includes the garden pea.
taxonomic-genus-name,14376,Pongo,Noun,The scientific genus of orangutans.
taxonomic-genus-name,14418,Ranid,Noun,"A frog of the large family of true frogs, with smooth skin and long hind legs."
taxonomic-genus-name,14482,Salix,Noun,The genus of trees and shrubs that includes the willows.
taxonomic-genus-name,14483,Salmo,Noun,The genus of fish that includes salmon and trout.
taxonomic-genus-name,14527,Shang,Noun,The ruling family of ancient China from about 1600 to 1046 BC.
taxonomic-genus-name,14557,Sitta,Noun,The genus of small birds known as nuthatches.
taxonomic-genus-name,14588,Solea,Noun,The genus of fish that includes the common sole.
taxonomic-genus-name,14594,Sorex,Noun,Type genus of the family Soricidae: shrews.
taxonomic-genus-name,14661,Tacca,Noun,Genus of tropical plants with creeping rootstocks and small umbellate flowers.
taxonomic-genus-name,14668,Tamus,Noun,A genus of tuberous vines of the family Dioscoreaceae; has twining stems and heart-shaped leaves and axillary racemes.
taxonomic-genus-name,14681,Taxus,Noun,"A genus of evergreen trees and shrubs known as yews, with red berries."
taxonomic-genus-name,14721,Todea,Noun,A genus of delicate ferns belonging to the family Osmundaceae.
taxonomic-genus-name,14722,Todus,Noun,"A genus of small, brightly coloured Caribbean birds called todies."
taxonomic-genus-name,14728,Toona,Noun,A tree genus of Asia and Australia that gives a reddish timber known as red cedar.
taxonomic-genus-name,14735,Trapa,Noun,Small genus of Eurasian aquatic perennial herbs: water chestnut.
taxonomic-genus-name,14742,Triga,Noun,"A scientific genus name for the gurnards, spiny sea fish with large fins."
taxonomic-genus-name,14752,Tsuga,Noun,"A genus of evergreen conifers known as hemlocks, with short flat needles and small cones."
taxonomic-genus-name,14756,Tunga,Noun,"A genus of fleas that includes the chigoe, which burrows into the skin of the feet."
taxonomic-genus-name,14758,Tunny,Noun,Important warm-water fatty fish of the genus Thunnus of the family Scombridae; usually served as steaks.
taxonomic-genus-name,14776,Ulmus,Noun,The scientific genus name for elm trees.
taxonomic-genus-name,14780,Upupa,Noun,"The genus of birds that includes the hoopoe, which has a crest and a long curved beak."
taxonomic-genus-name,14782,Ursus,Noun,"The scientific genus name for bears, including the brown bear."
taxonomic-genus-name,14804,Vespa,Noun,A genus of stinging insects that includes hornets and yellow jackets.
taxonomic-genus-name,14807,Vicia,Noun,"A genus of plants that includes vetches and broad beans, many of them climbing."
taxonomic-genus-name,14808,Vidua,Noun,"A genus of small African finches, the whydahs and widow birds, with long tail feathers in the breeding season."
taxonomic-genus-name,14850,Xyris,Noun,A genus of marsh plants with grass-like leaves and small yellow flowers.
taxonomic-genus-name,14854,Zapus,Noun,A genus of small North American jumping mice with very long tails.
taxonomic-genus-name,16563,Anabas,Noun,"A genus of small freshwater fish, known as climbing perch, that can breathe air."
taxonomic-genus-name,16564,Ananas,Noun,"A genus of tropical plants with stiff, sword-shaped leaves, which includes the plant that gives us pineapples."
taxonomic-genus-name,16565,Andira,Noun,A small genus of evergreen trees found in tropical America and western Africa.
taxonomic-genus-name,16568,Anguis,Noun,"A genus of legless lizards, known as slow worms or blindworms, that look like small snakes."
taxonomic-genus-name,16569,Anhima,Noun,A genus of large South American birds called horned screamers.
taxonomic-genus-name,16573,Annona,Noun,"A genus of tropical American trees and shrubs, including those that bear custard apples."
taxonomic-genus-name,16576,Anolis,Noun,"A genus of small, quick-moving American lizards, often called anoles, that can change colour."
taxonomic-genus-name,16581,Anthus,Noun,"A genus of small, slim songbirds called pipits that walk on the ground."
taxonomic-genus-name,16590,Apidae,Noun,"A family of insects that includes honeybees, bumblebees and carpenter bees."
taxonomic-genus-name,16592,Apogon,Noun,A genus of small tropical sea fish called cardinalfish.
taxonomic-genus-name,16593,Arabis,Noun,"A genus of low-growing flowering plants called rockcress, found in cool parts of the world."
taxonomic-genus-name,16595,Arales,Noun,An order of plants that includes the arum family and the duckweeds.
taxonomic-genus-name,16596,Aramus,Noun,"A genus of large brown wading birds with long bills, which contains the limpkin."
taxonomic-genus-name,16597,Aranea,Noun,A genus of orb-weaving spiders including common garden spiders and barn spiders.
taxonomic-genus-name,16604,Arenga,Noun,A genus of tropical Asian and Malaysian palm trees.
taxonomic-genus-name,16616,Arundo,Noun,"A genus of tall, coarse reeds found in warm regions."
taxonomic-genus-name,16617,Asarum,Noun,A genus of low woodland plants known as wild ginger.
taxonomic-genus-name,16625,Ateles,Noun,A genus of South American spider monkeys that have long limbs and grip with their tails.
taxonomic-genus-name,16629,Atropa,Noun,"A genus of poisonous plants that includes deadly nightshade, also called belladonna."
taxonomic-genus-name,16630,Aucuba,Noun,"A genus of hardy evergreen shrubs from East Asia, often with spotted leaves."
taxonomic-genus-name,16642,Azolla,Noun,"A genus of tiny floating water ferns, often grown in rice fields."
taxonomic-genus-name,16664,Baphia,Noun,Small genus of shrubs and lianas and trees of Africa and Madagascar.
taxonomic-genus-name,16677,Bassia,Noun,"A genus of herbs and shrubs of dry regions, including several grown for their fine, feathery foliage."
taxonomic-genus-name,16700,Bellis,Noun,A genus of small plants that includes the common daisy.
taxonomic-genus-name,16710,Betula,Noun,A genus of trees of the family Betulaceae (such as birches).
taxonomic-genus-name,16715,Bidens,Noun,"A genus of plants with yellow daisy-like flowers, including the bur marigolds."
taxonomic-genus-name,16737,Blatta,Noun,A genus of cockroaches that live in buildings in many parts of the world.
taxonomic-genus-name,16761,Boidae,Noun,A family of large snakes that includes the boas and pythons.
taxonomic-genus-name,16765,Bombax,Noun,"A genus of tropical trees, including the silk-cotton tree, with large flowers and cottony seed pods."
taxonomic-genus-name,16766,Bombyx,Noun,"The genus of moths whose caterpillar is the silkworm, kept for making silk thread."
taxonomic-genus-name,16767,Bombus,Noun,A genus of insects that contains the bumblebees.
taxonomic-genus-name,16768,Bonasa,Noun,A genus of game birds that contains the ruffed grouse of North America.
taxonomic-genus-name,16782,Borago,Noun,"A genus of herbs, including the plant called borage, found in the Mediterranean region."
taxonomic-genus-name,16801,Branta,Noun,A genus of birds that includes wild geese such as the Canada goose.
taxonomic-genus-name,16808,Bryony,Noun,"A climbing plant of the genus Bryonia, with a large root and bitter juice."
taxonomic-genus-name,16814,Bromus,Noun,A genus of grasses that includes the grasses known as bromes.
taxonomic-genus-name,16854,Cakile,Noun,"A small genus of salty-tasting herbs, called sea rockets, that grow on sandy shores."
taxonomic-genus-name,16861,Caltha,Noun,A genus of marsh plants that includes the marsh marigold.
taxonomic-genus-name,16878,Caranx,Noun,A genus of fish that includes the jacks and trevallies.
taxonomic-genus-name,16881,Carica,Noun,A genus of tropical American trees that includes the papaya.
taxonomic-genus-name,16903,Cedrus,Noun,A genus of evergreen trees that includes the true cedars.
taxonomic-genus-name,16906,Celtis,Noun,"A genus of trees and shrubs, called hackberries, that bear small berrylike fruit."
taxonomic-genus-name,16909,Cercis,Noun,"A genus of small trees and shrubs, including the redbud, with pink flowers in spring."
taxonomic-genus-name,16911,Cereus,Noun,"A genus of tall, branching cacti with ribbed stems, spines and large white flowers that open at night."
taxonomic-genus-name,16916,Cervus,Noun,A genus of deer that includes the red deer and the elk.
taxonomic-genus-name,16929,Chauna,Noun,A genus of large South American birds known as crested screamers.
taxonomic-genus-name,16954,Cyamus,Noun,"A genus of small crustaceans known as whale lice, which live on whales."
taxonomic-genus-name,16957,Cicuta,Noun,"A genus of very poisonous plants known as water hemlock, which grow in wet places."
taxonomic-genus-name,16958,Cymbid,Noun,"An orchid of the genus Cymbidium, grown as a houseplant for its long sprays of showy flowers."
taxonomic-genus-name,16960,Cynara,Noun,A genus of plants that includes the globe artichoke and the cardoon.
taxonomic-genus-name,16962,Cynips,Noun,"A genus of gall wasps, whose larvae make small growths on oak trees."
taxonomic-genus-name,16968,Cistus,Noun,"A genus of small evergreen shrubs with showy flowers, found in southern Europe and North Africa."
taxonomic-genus-name,16986,Clupea,Noun,A genus of fish that includes the Atlantic and Pacific herrings.
taxonomic-genus-name,16987,Cnicus,Noun,"A genus with a single species, the blessed thistle, a spiny plant used in herbal medicine."
taxonomic-genus-name,17004,Cohosh,Noun,A plant of the genus Actaea having acrid poisonous berries.
taxonomic-genus-name,17019,Conium,Noun,Small genus of highly toxic biennials: hemlock.
taxonomic-genus-name,17030,Coptis,Noun,Small genus of low perennial herbs having yellow rhizomes and white or yellow flowers.
taxonomic-genus-name,17036,Corixa,Noun,Type genus of the Corixidae: boat bugs.
taxonomic-genus-name,17038,Cornel,Noun,A tree of shrub of the genus Cornus often having showy bracts resembling flowers.
taxonomic-genus-name,17040,Cornus,Noun,A rosid dicot genus of the family Cornaceae including: dogwood; cornel: perennial chiefly deciduous shrubs or small trees of temperate regions of northern hemisphere.
taxonomic-genus-name,17050,Cottus,Noun,Type genus of the Cottidae: sculpins.
taxonomic-genus-name,17075,Crotal,Noun,Any of several lichens of the genus Parmelia from which reddish brown or purple dyes are made.
taxonomic-genus-name,17251,Elanus,Noun,A genus of small kites of both Old and New Worlds.
taxonomic-genus-name,17298,Exacum,Noun,Genus of tropical Asiatic and African plants: especially Persian violets.
taxonomic-genus-name,17346,Finnic,Noun,One of two branches of the Finno-Ugric languages; a family of languages including Finnish and Estonian (but not Hungarian).
taxonomic-genus-name,17385,Fulica,Noun,A genus of water birds known as coots.
taxonomic-genus-name,17389,Fungia,Noun,A genus comprising the usual mushroom corals.
taxonomic-genus-name,17404,Galega,Noun,Small genus of Eurasian herbs: goat's rue.
taxonomic-genus-name,17432,Geomys,Noun,A genus of North American burrowing rodents called pocket gophers.
taxonomic-genus-name,17434,Gerres,Noun,A genus of small silvery tropical fish called mojarras.
taxonomic-genus-name,17479,Grewia,Noun,A genus of tropical and subtropical Old World climbers or shrubs or trees.
taxonomic-genus-name,17538,Hedera,Noun,A genus of climbing evergreen plants known as ivy.
taxonomic-genus-name,17555,Hydnum,Noun,"A genus of mushrooms with small spines, instead of gills, under the cap."
taxonomic-genus-name,17561,Hirudo,Noun,A genus of freshwater leeches that includes the medicinal leech.
taxonomic-genus-name,17570,Holcus,Noun,"A genus of grasses from Europe, which includes Yorkshire fog."
taxonomic-genus-name,17599,Iberis,Noun,"A genus of low plants with clusters of white or pink flowers, known as candytuft."
taxonomic-genus-name,17629,Ipidae,Noun,Large family of bark-boring or wood-boring short-beaked beetles; very destructive to forest and fruit trees.
taxonomic-genus-name,17751,Lector,Noun,Someone who reads the lessons in a church service; someone ordained in a minor order of the Roman Catholic Church.
taxonomic-genus-name,17755,Leipoa,Noun,"The scientific genus of the Australian mallee fowl, a bird that builds large nest mounds."
taxonomic-genus-name,17756,Lemmus,Noun,A genus of small Arctic rodents that includes the lemmings.
taxonomic-genus-name,17766,Lycium,Noun,"A genus of thorny shrubs, including the boxthorn, that grow in warm and temperate regions."
taxonomic-genus-name,17767,Lycosa,Noun,"A genus of large, fast ground spiders known as wolf spiders."
taxonomic-genus-name,17770,Lilium,Noun,A genus of bulb plants that includes the true lilies.
taxonomic-genus-name,17772,Limosa,Noun,A genus of long-legged wading birds called godwits.
taxonomic-genus-name,17795,Lolium,Noun,A genus of grasses that includes ryegrass and darnel.
taxonomic-genus-name,17829,Macaca,Noun,A genus of monkeys that includes the macaques.
taxonomic-genus-name,17841,Mayaca,Noun,"A genus of small, soft water plants with white or violet flowers."
taxonomic-genus-name,17852,Mammea,Noun,A genus of tropical trees that bear edible fruit with a single seed.
taxonomic-genus-name,17854,Mammut,Noun,"An extinct genus of large elephant-like animals, the mastodons."
taxonomic-genus-name,17872,Martes,Noun,A genus of mammals that includes the martens.
taxonomic-genus-name,17903,Menura,Noun,A genus of Australian birds known as lyrebirds.
taxonomic-genus-name,17904,Mergus,Noun,A genus of diving ducks called mergansers.
taxonomic-genus-name,17906,Merops,Noun,A genus of colourful birds called bee-eaters.
taxonomic-genus-name,17926,Milvus,Noun,A genus of birds of prey known as kites.
taxonomic-genus-name,17939,Myrcia,Noun,A genus of tropical American trees and shrubs of the myrtle family.
taxonomic-genus-name,17942,Myrtus,Noun,A genus of evergreen shrubs that includes the common myrtle.
taxonomic-genus-name,17948,Myxine,Noun,"A genus of fish called hagfishes, which are eel-like and slimy."
taxonomic-genus-name,17951,Mobula,Noun,A genus of large rays called devil rays.
taxonomic-genus-name,17969,Montia,Noun,"A small genus of low, tufted herbs found in cool regions, South America and tropical Africa and Asia."
taxonomic-genus-name,17976,Morone,Noun,A genus of fish that includes the white bass and the striped bass.
taxonomic-genus-name,18008,Napaea,Noun,"A genus of plants that contains one species, the glade mallow."
taxonomic-genus-name,18013,Natrix,Noun,"A genus of harmless water snakes found in Europe, Asia and Africa."
taxonomic-genus-name,18021,Nepeta,Noun,"A genus of plants known as catmint, with grey leaves and blue or purple flowers."
taxonomic-genus-name,18022,Nerium,Noun,"A genus containing one species, the oleander, a poisonous shrub with pink or white flowers."
taxonomic-genus-name,18039,Noctua,Noun,"A genus of night-flying moths whose caterpillars, called cutworms, damage crops."
taxonomic-genus-name,18044,Nordic,Noun,The northern family of Germanic languages that are spoken in Scandinavia and Iceland.
taxonomic-genus-name,18056,Numida,Noun,"A genus of African guinea fowl, birds with dark feathers covered in white spots."
taxonomic-genus-name,18058,Nuphar,Noun,"A genus of water plants with floating leaves and yellow flowers, known as yellow pond lilies."
taxonomic-genus-name,18063,Ocimum,Noun,A genus of herbs that includes sweet basil.
taxonomic-genus-name,18073,Okapia,Noun,"A genus containing only the okapi, a forest animal related to the giraffe."
taxonomic-genus-name,18080,Ononis,Noun,"A genus of low plants with pink, purple or yellow flowers, known as restharrows."
taxonomic-genus-name,18082,Ophrys,Noun,A genus of European orchids whose flowers look like insects.
taxonomic-genus-name,18100,Ostrea,Noun,A genus of edible oysters.
taxonomic-genus-name,18101,Ostrya,Noun,"A genus of deciduous trees, called hop hornbeams, found in Europe, Asia and America."
taxonomic-genus-name,18102,Otaria,Noun,A genus of sea lions found along the coasts of South America.
taxonomic-genus-name,18108,Ovibos,Noun,"A genus of large, shaggy Arctic mammals that contains only the musk ox."
taxonomic-genus-name,18109,Oxalis,Noun,"A plant of a genus of small plants with clover-like leaves and yellow, pink or white flowers."
taxonomic-genus-name,18117,Pagrus,Noun,"A genus of sea bream, which are silvery sea fish."
taxonomic-genus-name,18126,Palmae,Noun,"The family of tropical trees with tall, single trunks topped by huge leaves, including coconut and date trees."
taxonomic-genus-name,18182,Perdix,Noun,A genus of small game birds that includes the grey partridge.
taxonomic-genus-name,18184,Pernis,Noun,A genus of birds of prey that includes the European honey buzzard.
taxonomic-genus-name,18185,Persea,Noun,A genus of tropical trees that includes the avocado.
taxonomic-genus-name,18192,Peziza,Noun,A genus of cup-shaped fungi that grow on rotting wood or damp ground.
taxonomic-genus-name,18196,Phleum,Noun,"A genus of grasses, including timothy, grown for animal feed."
taxonomic-genus-name,18199,Pholas,Noun,"A genus of marine shellfish, called piddocks, that bore holes into rock and wood."
taxonomic-genus-name,18203,Picris,Noun,Genus of weedy Old World yellow-flowered herbs usually containing a bitter-tasting substance: bitterweed.
taxonomic-genus-name,18207,Pieris,Noun,A genus of ornamental evergreen shrubs with clusters of small bell-shaped flowers.
taxonomic-genus-name,18230,Pipile,Noun,A genus of large crested South American birds called piping guans.
taxonomic-genus-name,18231,Pipilo,Noun,"A genus of North American birds called towhees, a type of large sparrow."
taxonomic-genus-name,18243,Platan,Noun,Any of several trees of the genus Platanus having thin pale bark that scales off in small plates and lobed leaves and ball-shaped heads of fruits.
taxonomic-genus-name,18289,Progne,Noun,"A genus of martins, which are birds in the swallow family."
taxonomic-genus-name,18292,Prunus,Noun,"A genus of trees and shrubs that includes plums, cherries, peaches and almonds."
taxonomic-genus-name,18293,Psetta,Noun,A genus of flatfish that includes the turbot.
taxonomic-genus-name,18297,Pteris,Noun,A large genus of ferns found in tropical and warm regions.
taxonomic-genus-name,18306,Punica,Noun,A genus of plants that includes the pomegranate.
taxonomic-genus-name,18357,Raphia,Noun,A genus of tropical palms whose long leaves supply the fibre used in weaving.
taxonomic-genus-name,18358,Raphus,Noun,"The genus of the dodo, an extinct flightless bird of Mauritius."
taxonomic-genus-name,18370,Rattus,Noun,"The genus of rats, which includes the common house rat."
taxonomic-genus-name,18469,Salish,Noun,A family of Native American languages spoken in the north-western United States and western Canada.
taxonomic-genus-name,18534,Seseli,Noun,"A genus of plants in the carrot family, found in Europe and Asia."
taxonomic-genus-name,18567,Shorea,Noun,A genus of tall tropical Asian trees that produce valuable timber and resin.
taxonomic-genus-name,18573,Sialia,Noun,A genus of small North American birds known as bluebirds.
taxonomic-genus-name,18574,Sialis,Noun,"A genus of insects called alderflies, whose larvae live in water."
taxonomic-genus-name,18580,Silene,Noun,"A genus of flowering plants of the pink family, including many campions."
taxonomic-genus-name,18584,Silvia,Noun,A genus of small Old World songbirds called warblers.
taxonomic-genus-name,18640,Sorbus,Noun,"A genus of trees and shrubs, such as the rowan, with feathery leaves and clusters of berries."
taxonomic-genus-name,18645,Spalax,Noun,"A genus of blind, burrowing mole rats found in south-eastern Europe and the Middle East."
taxonomic-genus-name,18671,Sterna,Noun,A genus of seabirds that includes the terns.
taxonomic-genus-name,18727,Tamias,Noun,"A genus of small striped rodents, the chipmunks of North America."
taxonomic-genus-name,18733,Tanoan,Noun,A family of Native American languages spoken in the south-western United States.
taxonomic-genus-name,18765,Termes,Noun,"A genus of termites, the insects that build large mounds in warm regions."
taxonomic-genus-name,18771,Tetrao,Noun,"A genus of large game birds that includes the capercaillies, a type of grouse."
taxonomic-genus-name,18849,Turkic,Noun,"A family of languages that includes Turkish, Uzbek and Kazakh."
taxonomic-genus-name,18885,Uralic,Noun,"A family of languages that includes Finnish, Hungarian and Estonian."
taxonomic-genus-name,18921,Vipera,Noun,"The genus of true vipers, a group of venomous snakes."
taxonomic-genus-name,18924,Viscum,Noun,"The genus of mistletoes, evergreen plants that live as parasites on trees."
taxonomic-genus-name,18935,Vulpes,Noun,The genus of true foxes.
taxonomic-genus-name,18936,Vultur,Noun,The genus of large birds that contains only the Andean condor.
taxonomic-genus-name,18997,Zeidae,Noun,A family of fish that includes the john dory.
abbreviation-or-acronym,10055,Rpm,Noun,A unit that shows how many full turns an engine or wheel makes in one minute.
abbreviation-or-acronym,10065,Msg,Noun,White crystalline compound used as a food additive to enhance flavor; often used in Chinese cooking.
abbreviation-or-acronym,10081,Bbl,Noun,Any of various units of capacity.
abbreviation-or-acronym,10090,Frs,Noun,The central bank of the United States; incorporates 12 Federal Reserve branch banks and all national banks and state-chartered commercial banks and some trust companies.
abbreviation-or-acronym,10111,Lcm,Noun,The smallest multiple that is exactly divisible by every member of a set of numbers.
abbreviation-or-acronym,10116,Nth,Adjective,Last or greatest in an indefinitely large series.
abbreviation-or-acronym,10122,Prn,Adverb,As needed; used by doctors in prescriptions to mean only when necessary.
abbreviation-or-acronym,10134,Ult,Adjective,"Written in a short form to mean last month, in old business letters."
abbreviation-or-acronym,10143,Add,Noun,"A condition, short for attention deficit disorder, that makes it hard to focus and pay attention."
abbreviation-or-acronym,10170,Est,Noun,"A short form of eastern standard time, used in the eastern United States and Canada."
abbreviation-or-acronym,10178,Pst,Noun,"A short form of Pacific standard time, used on the west coast of the United States and Canada."
abbreviation-or-acronym,10179,Xxx,Noun,The Roman numeral for thirty.
abbreviation-or-acronym,10181,Sub,Noun,"A long sandwich on a split roll, filled with meat, cheese and salad; short for submarine sandwich."
abbreviation-or-acronym,10182,Led,Noun,A small electronic light that uses very little power; short for light-emitting diode.
abbreviation-or-acronym,10189,Des,Noun,"A man's first name, short for Desmond."
abbreviation-or-acronym,10190,Lcd,Noun,"A flat screen made with liquid crystals, used in watches, phones and televisions."
abbreviation-or-acronym,10201,Gps,Noun,"A system that uses satellites to show where a device is on Earth, used in phones and cars."
abbreviation-or-acronym,10207,Sam,Noun,A missile fired from the ground or a ship at an aircraft; short for surface-to-air missile.
abbreviation-or-acronym,10210,Vat,Noun,A tax added to the price of goods and services; short for value added tax.
abbreviation-or-acronym,10223,Mph,Noun,The ratio of the distance traveled (in miles) to the time spent traveling (in hours).
abbreviation-or-acronym,10229,Cst,Noun,"Standard time in the 6th time zone west of Greenwich, reckoned at the 90th meridian; used in the central United States."
abbreviation-or-acronym,10234,Mhz,Noun,One million periods per second.
abbreviation-or-acronym,10237,Mrs,Noun,A form of address for a married woman.
abbreviation-or-acronym,10261,Vii,Noun,The Roman numeral that stands for the number after six.
abbreviation-or-acronym,10289,Pct,Noun,A proportion in relation to a whole (which is usually the amount per hundred).
abbreviation-or-acronym,10300,Bbs,Noun,A computer that is running software that allows users to leave messages and access information of general interest.
abbreviation-or-acronym,10324,Bps,Noun,(computer science) the rate at which data is transferred (as by a modem).
abbreviation-or-acronym,10329,Cgs,Noun,System of measurement based on centimeters and grams and seconds.
abbreviation-or-acronym,10337,Cps,Noun,"An abbreviation for cycles per second, a measure of how many times a wave repeats each second."
abbreviation-or-acronym,10343,Cwm,Noun,A Welsh word for a deep bowl-shaped valley with steep sides high on a mountain.
abbreviation-or-acronym,10344,Cwt,Noun,"The written abbreviation for hundredweight, a unit of weight of 100 or 112 pounds depending on the country."
abbreviation-or-acronym,10351,Ddt,Noun,An insecticide that is also toxic to animals and humans; banned in the United States since 1972.
abbreviation-or-acronym,10357,Dkg,Noun,"A written abbreviation for the metric weight of ten grams, common in central European food shops."
abbreviation-or-acronym,10358,Dkl,Noun,"A written abbreviation for dekalitre, a unit of liquid volume equal to ten litres."
abbreviation-or-acronym,10359,Dkm,Noun,A metric unit of length equal to ten meters.
abbreviation-or-acronym,10380,Fcs,Noun,A cooperative nationwide system of banks and associations providing credit to farmers and related businesses; originally capitalized by the federal government but now owned by its members and borrowers.
abbreviation-or-acronym,10385,Fps,Noun,An agency in the General Services Administration that is a security organization to provide a safe environment where Federal agencies can conduct their business.
abbreviation-or-acronym,10428,Jnd,Noun,(psychophysics) the difference between two stimuli that (under properly controlled experimental conditions) is detected as often as it is undetected.
abbreviation-or-acronym,10436,Kph,Noun,The ratio of the distance traveled (in kilometers) to the time spent traveling (in hours).
abbreviation-or-acronym,10446,Llb,Noun,A three-year law degree.
abbreviation-or-acronym,10450,Lxx,Noun,The cardinal number that is the product of ten and seven.
abbreviation-or-acronym,10453,Mbd,Noun,"An old medical term for a childhood condition that affected behaviour and learning, short for minimal brain dysfunction."
abbreviation-or-acronym,10454,Mcg,Noun,"One millionth (1/1,000,000) gram."
abbreviation-or-acronym,10468,Mum,Noun,"A showy autumn garden flower with many petals, short for a longer plant name."
abbreviation-or-acronym,10488,Pdl,Noun,A unit of force equal to the force that imparts an acceleration of 1 foot/sec/sec to a mass of 1 pound; equal to 0.1382 newtons.
abbreviation-or-acronym,10491,Pfc,Noun,A powerful greenhouse gas emitted during the production of aluminum.
abbreviation-or-acronym,10504,Pwr,Noun,A nuclear reactor that uses water as a coolant and moderator; the steam produced can drive a steam turbine.
abbreviation-or-acronym,10526,Stm,Noun,What you can repeat immediately after perceiving it.
abbreviation-or-acronym,10534,Tnt,Noun,Explosive consisting of a yellow crystalline compound that is a flammable toxic derivative of toluene.
abbreviation-or-acronym,10535,Trf,Noun,Hormone released by the hypothalamus that controls the release of thyroid-stimulating hormone from the anterior pituitary.
abbreviation-or-acronym,10536,Tsk,Verb,To make a short clicking sound with the tongue to show annoyance or pity.
abbreviation-or-acronym,10537,Tss,Noun,"A rare, serious illness caused by bacterial toxins in the blood, linked to tampon use."
abbreviation-or-acronym,10556,Wiz,Noun,"An informal short form for a person who is very quick and clever at something, such as computers."
abbreviation-or-acronym,10559,Wpm,Noun,The rate at which words are produced (as in speaking or typing).
abbreviation-or-acronym,10560,Xcl,Adjective,Being ten more than one hundred eighty.
abbreviation-or-acronym,10566,Xxv,Noun,The cardinal number that is the sum of twenty-four and one.
abbreviation-or-acronym,10698,Null,Noun,"In computing, a value that stands for no data at all."
abbreviation-or-acronym,10729,Para,Noun,"A short section of a piece of writing, usually several sentences about one idea; short for paragraph."
abbreviation-or-acronym,11257,Sept,Noun,"A four-letter written short form of the ninth month, common in British dates and timetables."
abbreviation-or-acronym,11300,Viii,Noun,The Roman numeral that stands for the number 8.
abbreviation-or-acronym,11487,Dbms,Noun,A software system that facilitates the creation and maintenance and use of an electronic database.
abbreviation-or-acronym,11563,Fthm,Noun,"A short written form for a unit of depth equal to six feet, used for water."
abbreviation-or-acronym,11734,Mack,Noun,"A less common spelling of an informal word for a raincoat, short for mackintosh."
abbreviation-or-acronym,11754,Mick,Noun,A short form of the man's name Michael.
abbreviation-or-acronym,11986,Soph,Noun,Short for sophomore: a student in the second year of study at a US college.
abbreviation-or-acronym,12612,Fella,Noun,"A spoken, informal short form of the word for a man, often used in a friendly way."
abbreviation-or-acronym,14138,Marge,Noun,"A British short form of margarine, a spread made from vegetable oils and used instead of butter."
abbreviation-or-acronym,16925,Chammy,Noun,"A soft leather cloth, informal short form of chamois, used to wipe and polish cars and windows."
archaic-or-variant,10079,Aby,Verb,"To pay the penalty for a wrongdoing, in old-fashioned language."
archaic-or-variant,10085,Eld,Noun,"An old-fashioned word for old age, or for the distant past."
archaic-or-variant,10095,Het,Adjective,"Made warm or hot, as a dialect form of a word meaning warmed up."
archaic-or-variant,10103,Yon,Adjective,"Used in old-fashioned or regional speech to mean that, pointing to something far away but in sight."
archaic-or-variant,10117,Oft,Adverb,"Many times; frequently, in an old-fashioned or poetic style."
archaic-or-variant,10246,Cod,Noun,An old word for the husk or case that holds the seeds of some plants.
archaic-or-variant,10303,Abo,Noun,"An offensive, outdated slang word for an Aboriginal Australian; it should not be used."
archaic-or-variant,10474,Nob,Noun,"An informal, slightly old-fashioned British word for a rich or high-class person."
archaic-or-variant,10805,Abye,Verb,"To suffer for a wrong or a foolish act, a rare spelling variant used in old writing."
archaic-or-variant,10851,Chap,Noun,"A man, in a friendly and slightly old-fashioned British way."
archaic-or-variant,10881,Erst,Adverb,At an earlier time; formerly (old-fashioned).
archaic-or-variant,10884,Fain,Adjective,"Glad or willing, or obliged for lack of any better choice (old-fashioned)."
archaic-or-variant,10909,Gild,Noun,An old spelling of the name for a medieval association of craftspeople or traders.
archaic-or-variant,10920,Hadj,Noun,A variant spelling for the yearly Muslim pilgrimage to the holy city of Mecca in Saudi Arabia.
archaic-or-variant,10945,Jape,Noun,"A playful trick or prank, now mostly old-fashioned or found in books."
archaic-or-variant,10952,Kine,Noun,An old-fashioned or poetic plural word for cows or cattle.
archaic-or-variant,10957,Larn,Verb,"To gain knowledge or skill, in nonstandard or dialect speech."
archaic-or-variant,10969,Loth,Adjective,Unwilling or reluctant to do something (an old variant spelling).
archaic-or-variant,10997,Okeh,Noun,"A rare spelling of okay, meaning agreement or approval."
archaic-or-variant,10998,Okey,Noun,"A variant spelling of okay, meaning permission, seen in informal writing."
archaic-or-variant,11025,Rase,Verb,To tear down a building completely; an old spelling of a more common word.
archaic-or-variant,11047,Shew,Verb,An old spelling of a word meaning to let someone see something.
archaic-or-variant,11058,Spue,Verb,"To vomit, or to throw liquid out of the mouth; an old spelling of a more common word."
archaic-or-variant,11064,Suer,Noun,A person who takes legal action against another; also an old word for a man who courts a woman.
archaic-or-variant,11078,Unco,Adverb,"In Scots, very or extremely."
archaic-or-variant,11101,Wont,Noun,An old-fashioned word for a person's usual way of behaving.
archaic-or-variant,11238,Thou,Noun,An old-fashioned word for 'you' when speaking to one person.
archaic-or-variant,11335,Aery,Noun,A rare old spelling for the high nest of an eagle or hawk.
archaic-or-variant,11390,Bize,Noun,"A variant spelling for a bitter, dry winter wind that blows across southeastern France."
archaic-or-variant,11423,Buss,Noun,"An old-fashioned or informal word for a loud, friendly touch of the lips on someone's cheek."
archaic-or-variant,11438,Chum,Noun,"An old-fashioned word for a close friend, especially one you played with as a child."
archaic-or-variant,11440,Cive,Noun,An old word for a small herb with thin leaves that taste mildly of onion.
archaic-or-variant,11456,Cony,Noun,"An old-fashioned word for a rabbit, or for the fur of a rabbit."
archaic-or-variant,11509,Doxy,Noun,An old-fashioned word for a woman who is the lover of a rich or powerful man.
archaic-or-variant,11514,Duad,Noun,"A rare, old-fashioned word for a set of two."
archaic-or-variant,11532,Eyry,Noun,A rare variant spelling for a bird of prey's nest built on a cliff or other high place.
archaic-or-variant,11558,Fogy,Noun,"A person with dull, old-fashioned ideas who dislikes change."
archaic-or-variant,11571,Gamp,Noun,"An old-fashioned word for a large, loosely rolled umbrella."
archaic-or-variant,11584,Gheg,Noun,The group of Albanian dialects spoken in the north of Albania and nearby areas.
archaic-or-variant,11622,Hark,Verb,To listen; used mostly as an old-fashioned command.
archaic-or-variant,11663,Yule,Noun,"An old word for the Christmas season, used especially in songs and greeting cards."
archaic-or-variant,11721,Lolo,Noun,"The Yi language of southwest China, a name now thought outdated or impolite by many speakers."
archaic-or-variant,11829,Papa,Noun,"An affectionate word for a father, used in some families and often thought slightly old-fashioned."
archaic-or-variant,11895,Rede,Verb,"To give advice to someone, or to explain the meaning of something (an old word)."
archaic-or-variant,11914,Roue,Noun,An old-fashioned word for a man who enjoys wild pleasures and has little respect for good behaviour.
archaic-or-variant,11942,Sess,Noun,"An old word for a tax or charge, also written as cess."
archaic-or-variant,11957,Sise,Noun,"An old word for the number six, especially the six on a dice."
archaic-or-variant,12046,Tosk,Noun,The dialect of Albanian spoken in southern Albania and in areas of Greece and Italy.
archaic-or-variant,12406,Adieu,Noun,"A word used to say goodbye, especially in a formal or old-fashioned way; from French."
archaic-or-variant,12416,Agone,Adjective,"Describing a time long past, in old-fashioned or poetic language."
archaic-or-variant,12419,Aline,Verb,To set things in a straight row or proper position; a rare spelling.
archaic-or-variant,12430,Amuck,Adjective,"A variant spelling of amok, meaning in a violent, frenzied state."
archaic-or-variant,12448,Aught,Noun,"Anything at all, in old-fashioned or formal English."
archaic-or-variant,12492,Bosky,Adjective,"Full of bushes and small trees, like a little wood (old-fashioned)."
archaic-or-variant,12513,Campy,Adjective,"Deliberately exaggerated and theatrical in a funny, old-fashioned way."
archaic-or-variant,12532,Colly,Verb,To blacken something with soot or coal dust; an old-fashioned word.
archaic-or-variant,12536,Corny,Adjective,"Silly, old-fashioned and too sentimental or obvious."
archaic-or-variant,12738,Leger,Noun,A rare spelling of a book for recording money paid and received.
archaic-or-variant,12804,Passe,Adjective,No longer fashionable or modern; old-fashioned.
archaic-or-variant,12859,Scads,Noun,An old-fashioned informal word for a very large number of things.
archaic-or-variant,12928,Swain,Noun,"A young man from the countryside, or an old-fashioned word for a man courting a woman."
archaic-or-variant,12959,Trice,Noun,"A very short moment, used mostly in one old-fashioned phrase meaning very quickly."
archaic-or-variant,13278,Stays,Noun,"An old word for a stiff, tight undergarment that women wore to shape the waist."
archaic-or-variant,13372,Athar,Noun,A rare spelling of a perfume oil made by pressing or distilling flower petals.
archaic-or-variant,13405,Beano,Noun,"An old-fashioned name for the game of bingo, once played with beans as markers."
archaic-or-variant,13425,Birle,Verb,"A variant spelling of a word meaning to spin round fast, especially a log in water under the feet."
archaic-or-variant,13544,Choky,Noun,An old-fashioned British slang word for prison.
archaic-or-variant,13555,Cyder,Noun,An old-fashioned spelling for a drink made from pressed apple juice.
archaic-or-variant,13590,Cooly,Noun,"An offensive old word for a poorly paid labourer from Asia, now seen as a racial insult."
archaic-or-variant,13678,Doyly,Noun,"A small round cloth mat for dishes, spelled in an old-fashioned way."
archaic-or-variant,13683,Doric,Noun,The dialect of Ancient Greek spoken in Doris.
archaic-or-variant,13702,Ducky,Noun,"An affectionate, old-fashioned British word used to address someone kindly."
archaic-or-variant,13705,Dunce,Noun,A person who is slow at learning or seen as foolish; an old-fashioned insult.
archaic-or-variant,13714,Eagre,Noun,A rare spelling of a rushing tidal wave in a narrow river mouth.
archaic-or-variant,13727,Emeer,Noun,"A rare, old-fashioned spelling of the title of a Muslim chief or ruler."
archaic-or-variant,13729,Emmet,Noun,"An old or dialect word for a tiny, hard-working insect that lives in a colony."
archaic-or-variant,13732,Endue,Verb,"To supply someone with a quality or power; a formal, old-fashioned word."
archaic-or-variant,13752,Faery,Noun,"A poetic, old-fashioned word for a fairy, a small magical being."
archaic-or-variant,13772,Feoff,Noun,An old word for land granted by a landlord to a tenant in return for service.
archaic-or-variant,13807,Fondu,Noun,"A smooth bending of the supporting knee in ballet, or a variant spelling of the melted-cheese dish."
archaic-or-variant,13826,Furze,Noun,"A prickly evergreen bush with yellow flowers, often found on heathland; an old word for the shrub."
archaic-or-variant,13951,Hussy,Noun,An old-fashioned insulting word for a woman judged to behave badly or without shame.
archaic-or-variant,13970,Indue,Verb,"To fill or clothe someone with a quality; a rare, old-fashioned word."
archaic-or-variant,13974,Injun,Noun,"An offensive, outdated word for a Native American person."
archaic-or-variant,14030,Knave,Noun,An old word for a dishonest man; also the jack in a pack of playing cards.
archaic-or-variant,14064,Lazar,Noun,"An old word for a poor person with a disease, especially leprosy."
archaic-or-variant,14131,Mamma,Noun,"An affectionate word for a mother, sometimes used in an Italian-style or old-fashioned way."
archaic-or-variant,14160,Miaul,Noun,"A rare, old-fashioned word for the high cry of a cat."
archaic-or-variant,14189,Moron,Noun,A rude word for a person who acts stupidly; once also an outdated medical term.
archaic-or-variant,14205,Mulct,Noun,A formal or old-fashioned word for a sum of money charged as a punishment.
archaic-or-variant,14227,Negro,Noun,"An outdated term for a Black person, now considered offensive."
archaic-or-variant,14298,Pasch,Noun,"An old word for the Jewish feast of Passover, also used for Easter."
archaic-or-variant,14366,Poesy,Noun,"An old-fashioned, literary word for poems and the art of writing them."
archaic-or-variant,14390,Privy,Noun,"An old-fashioned outdoor toilet, often a small hut built over a pit."
archaic-or-variant,14509,Scots,Noun,The dialect of English used in Scotland.
archaic-or-variant,14537,Shote,Noun,A young pig that no longer drinks its mother's milk; a variant of shoat.
archaic-or-variant,14539,Shrew,Noun,An old-fashioned word for a bad-tempered woman who often scolds.
archaic-or-variant,14596,Souse,Noun,Old-fashioned slang for a heavy drinker; it also means meat or fish pickled in vinegar.
archaic-or-variant,14602,Spick,Noun,A variant spelling of an offensive ethnic insult for a Latin American person.
archaic-or-variant,14723,Toffy,Noun,An old spelling for a sticky sweet made by boiling sugar with butter.
archaic-or-variant,14786,Uzbak,Noun,A rare spelling for a member of the main Turkic-speaking people of Central Asia.
archaic-or-variant,14830,Wench,Noun,"An old-fashioned word for a young woman, often a servant or barmaid, now sometimes seen as rude."
archaic-or-variant,14842,Wight,Noun,A living person or creature; an old-fashioned or poetic word.
archaic-or-variant,15196,Assoil,Verb,To forgive someone's sins or free them from blame; an old-fashioned word.
archaic-or-variant,15232,Belike,Adverb,Probably; very likely (an old-fashioned word).
archaic-or-variant,15234,Bemire,Verb,"To cover or splash someone or something with mud; a rare, old-fashioned word."
archaic-or-variant,15239,Beseem,Verb,"To be proper or suitable for someone, in an old-fashioned or literary style."
archaic-or-variant,15246,Bewray,Verb,To reveal or expose a secret; an old-fashioned word.
archaic-or-variant,15329,Coggle,Verb,To rock or move unsteadily from side to side; a rare dialect word.
archaic-or-variant,15335,Commix,Verb,To mix things together completely; an old-fashioned word.
archaic-or-variant,15409,Deuced,Adjective,Very great or extreme; used in old-fashioned speech to show annoyance.
archaic-or-variant,15435,Drouth,Noun,A long period of very little or no rain; an old spelling of drought.
archaic-or-variant,15491,Famish,Verb,To suffer greatly from hunger; a rare and old-fashioned word.
archaic-or-variant,15521,Foeman,Noun,An old-fashioned word for an enemy soldier in a war.
archaic-or-variant,15530,Forrad,Adverb,Towards the front; an old dialect form of a common direction word.
archaic-or-variant,15541,Frumpy,Adjective,Dull and old-fashioned in dress or appearance.
archaic-or-variant,15574,Groovy,Adjective,"Fashionable and exciting; an informal, old-fashioned word from the 1960s."
archaic-or-variant,15595,Hither,Adverb,"To this place; here, in old-fashioned language."
archaic-or-variant,15627,Incase,Verb,To place something inside a box or covering to protect it; a rare spelling.
archaic-or-variant,15655,Ireful,Adjective,Full of anger; an old-fashioned or literary word.
archaic-or-variant,15677,Kelter,Noun,A rare old spelling for good working order or balance.
archaic-or-variant,15715,Mayhap,Adverb,Possibly; an old-fashioned or poetic word meaning that something may happen.
archaic-or-variant,15718,Mangey,Adjective,"A rare spelling meaning shabby, or having bald patches from skin disease."
archaic-or-variant,15750,Muckle,Noun,"A big quantity, used in Scots and northern English, often in sayings about small things adding up."
archaic-or-variant,15756,Naught,Noun,"Nothing, or the figure 0, in old-fashioned or literary English."
archaic-or-variant,15808,Parson,Noun,An old-fashioned word for a clergyman who looks after a parish.
archaic-or-variant,15809,Passee,Adjective,"Old-fashioned or past its best, especially of a woman or a feminine thing."
archaic-or-variant,15830,Plaguy,Adjective,"Troublesome and very annoying, in an old-fashioned way."
archaic-or-variant,15839,Popish,Adjective,"An old-fashioned, often insulting word for connected with the pope and the Catholic Church."
archaic-or-variant,15911,Romish,Adjective,Old-fashioned and often insulting: relating to the Catholic Church of the city of Rome.
archaic-or-variant,15915,Rotter,Noun,An old-fashioned British word for a man who behaves badly or unfairly towards others.
archaic-or-variant,15993,Sonsie,Adjective,"A Scots spelling of a word for pleasantly healthy, lucky and good-looking."
archaic-or-variant,16035,Swinge,Verb,"To beat hard, or to punish severely (old-fashioned)."
archaic-or-variant,16084,Ultimo,Adjective,"Of the month before the current one, used in formal or old-fashioned letters."
archaic-or-variant,16136,Vapors,Noun,An old-fashioned word for a feeling of faintness or low spirits.
archaic-or-variant,16156,Whiney,Adjective,"Complaining often, in a childish, irritating way (a variant spelling)."
archaic-or-variant,16165,Withal,Adverb,In addition; also (formal or old-fashioned).
archaic-or-variant,16382,Bridal,Noun,An old word for a wedding or a wedding feast.
archaic-or-variant,16471,Maiden,Noun,An old-fashioned word for a young unmarried girl or woman.
archaic-or-variant,16508,Aeolic,Noun,An ancient Greek dialect spoken in parts of central Greece and western Turkey.
archaic-or-variant,16509,Afeard,Adjective,An old or dialect word meaning frightened.
archaic-or-variant,16528,Alarum,Noun,An old-fashioned word for a signal that warns of danger.
archaic-or-variant,16543,Allice,Noun,A variant spelling of the name for a river-spawning fish of the herring family in Europe.
archaic-or-variant,16678,Basuto,Noun,The dialect of Sotho spoken by the Basotho; an official language of Lesotho.
archaic-or-variant,16698,Beldam,Noun,An old-fashioned word for an old woman who is spiteful or very ugly.
archaic-or-variant,16760,Bodkin,Noun,A thick blunt needle used for threading tape or ribbon through cloth; also an old word for a dagger.
archaic-or-variant,16792,Bourne,Noun,"An old word for a limit or boundary, or the goal at the end of a journey."
archaic-or-variant,16938,Chilly,Noun,"A variant spelling of chilli, a small, very hot pepper used in cooking."
archaic-or-variant,16939,Chinch,Noun,"A dialect word for the bedbug, a small flat insect that bites sleeping people."
archaic-or-variant,16941,Chokey,Noun,A dated British slang word for a jail or a punishment cell.
archaic-or-variant,17006,Coigne,Noun,"An old spelling for a wedge or corner stone, such as one used in printing or at a wall's edge."
archaic-or-variant,17074,Crewet,Noun,"An old-fashioned spelling for a small container used to serve oil, vinegar or wine at the table."
archaic-or-variant,17185,Djinny,Noun,A rare spelling for a supernatural being from Middle Eastern tales that can change shape and cast spells.
archaic-or-variant,17217,Dropsy,Noun,"An old-fashioned name for body swelling caused by a build-up of fluid, often linked to heart or kidney disease."
archaic-or-variant,17284,Eskimo,Noun,"An outdated word for the Inuit and Yupik peoples of the Arctic, now often considered offensive."
archaic-or-variant,17415,Gaoler,Noun,An old-fashioned British spelling for a person in charge of prisoners in a prison.
archaic-or-variant,17484,Grippe,Noun,"An old-fashioned word for influenza, an illness with fever, aches and coughing."
archaic-or-variant,17558,Hindoo,Noun,"A dated word for a follower of India's major religion, now seen as old-fashioned."
archaic-or-variant,17573,Honkey,Noun,A variant spelling of a rude slang insult aimed at white people.
archaic-or-variant,17663,Jument,Noun,"An old word for a beast of burden, such as a donkey, ox or elephant, used to carry loads."
archaic-or-variant,17667,Jutish,Noun,One of the major dialects of Old English.
archaic-or-variant,17771,Limner,Noun,"An old word for a painter, especially of portraits or small miniatures."
archaic-or-variant,17874,Masher,Noun,An old-fashioned word for a man who pesters women with unwanted attention.
archaic-or-variant,17917,Midget,Noun,"An offensive, outdated word for a very small person that many people find hurtful."
archaic-or-variant,18000,Muzjik,Noun,"A rural Russian villager of tsarist times, in a rare spelling."
archaic-or-variant,18128,Pandar,Noun,An old spelling for a man who arranges paying customers for sex workers; a pimp.
archaic-or-variant,18143,Parsee,Noun,A follower of Zoroastrianism in western India who is descended from Persian settlers; a variant spelling.
archaic-or-variant,18716,Tabour,Noun,"An old word for a small drum with a single skin, used to accompany a pipe."
archaic-or-variant,18790,Tympan,Noun,"An old word for a drum, or for any stretched skin that sounds like one when struck."
archaic-or-variant,18896,Varlet,Noun,"An old word for a rude, dishonest fellow, or a servant who attended a knight."
archaic-or-variant,18902,Vendue,Noun,"A public sale where goods go to the highest bidder, an old word for an auction."
offensive-or-insulting,10093,Git,Noun,"An annoying or unpleasant person, used as a mild insult in British English."
offensive-or-insulting,10303,Abo,Noun,"An offensive, outdated slang word for an Aboriginal Australian; it should not be used."
offensive-or-insulting,10395,Goy,Noun,"In Yiddish, a word for a person who is not Jewish, sometimes used rudely."
offensive-or-insulting,10415,Yid,Noun,"A very offensive insult for a Jewish person, which must not be used."
offensive-or-insulting,10418,Yob,Noun,"A young man who behaves in a rude, noisy or aggressive way in public."
offensive-or-insulting,10425,Jap,Noun,(offensive slang) offensive term for a person of Japanese descent.
offensive-or-insulting,10497,Pom,Noun,"An informal Australian and New Zealand word for a British person, sometimes used to tease or insult."
offensive-or-insulting,10514,Rot,Noun,A state of decay usually accompanied by an offensive odor.
offensive-or-insulting,10558,Wop,Noun,"A deeply insulting word for a person of Italian descent, which should never be used."
offensive-or-insulting,10819,Arse,Noun,A very informal and rude British word for a person's bottom.
offensive-or-insulting,10857,Curt,Adjective,"Short and rude in speech, in a way that seems unfriendly."
offensive-or-insulting,11013,Prat,Noun,A foolish or annoying person; British informal and mildly rude.
offensive-or-insulting,11018,Puke,Noun,Vomit; also an informal insult for a person you find disgusting.
offensive-or-insulting,11401,Boor,Noun,"A rude, clumsy person with bad manners who ignores other people's feelings."
offensive-or-insulting,11406,Bozo,Noun,"A foolish or clumsy person, often called this in a joking or rude way."
offensive-or-insulting,11480,Dago,Noun,"An offensive, hurtful word once used against people of Spanish, Portuguese or Italian origin."
offensive-or-insulting,11665,Jeer,Noun,"A loud, rude shout that mocks someone."
offensive-or-insulting,11677,Kali,Noun,"A bushy plant of salty shores with prickly leaves, once burned to make a crude soda ash."
offensive-or-insulting,11696,Lapp,Noun,"An old name, now often considered offensive, for a Sami person, a member of the reindeer-herding people of northern Scandinavia."
offensive-or-insulting,11701,Lech,Noun,A man who is unpleasantly interested in sex and shows it by staring or making rude remarks.
offensive-or-insulting,11724,Lout,Noun,"A rude, rough young man who behaves badly in public."
offensive-or-insulting,11853,Pleb,Noun,An ordinary person of low social status; often used as a mild insult.
offensive-or-insulting,11894,Razz,Noun,A rude noise made by blowing air through the tongue and lips to mock someone.
offensive-or-insulting,11990,Spik,Noun,A deeply offensive insult aimed at people from Latin America; it should never be used.
offensive-or-insulting,12120,Wuss,Noun,"An informal, mildly insulting word for a person seen as weak or too scared to try things."
offensive-or-insulting,12190,Names,Noun,Verbal abuse; a crude substitute for argument.
offensive-or-insulting,12210,Civil,Adjective,Not rude; marked by satisfactory (or especially minimal) adherence to social usages and sufficient but not noteworthy consideration for others; - W.S. Maugham.
offensive-or-insulting,12319,Horny,Adjective,Feeling strong sexual desire; an informal and often rude word.
offensive-or-insulting,12465,Bawdy,Noun,Humorous talk or writing that is rude and full of jokes about sex.
offensive-or-insulting,12542,Curse,Noun,A rude or offensive word said in anger or surprise.
offensive-or-insulting,12608,Fanny,Noun,"In American English, a mild informal word for a person's bottom; in British English it is rude."
offensive-or-insulting,12653,Gipsy,Noun,"A British spelling of a term, now often seen as offensive, for a member of the Romani people."
offensive-or-insulting,12654,Gypsy,Noun,A wanderer who moves often from place to place; also a term for Romani people that many find offensive.
offensive-or-insulting,12856,Sassy,Adjective,"Cheeky and confident, often in a lively way that is slightly rude."
offensive-or-insulting,12857,Saucy,Adjective,"Cheeky in a playful, bold way, sometimes a little rude."
offensive-or-insulting,12930,Swear,Verb,"To use rude or offensive words, usually when angry."
offensive-or-insulting,13026,Yahoo,Noun,"A rude, rough person with no manners or taste."
offensive-or-insulting,13097,Crazy,Noun,An informal and rude word for a person who seems mentally unwell and unpredictable.
offensive-or-insulting,13140,Jerry,Noun,"An offensive slang word, used mainly in wartime, for a German person or soldier."
offensive-or-insulting,13282,Fatty,Noun,"An unkind word for a fat person, used to tease or insult."
offensive-or-insulting,13411,Belch,Noun,"A loud, sometimes rude release of air from the stomach through the mouth."
offensive-or-insulting,13430,Bleep,Noun,"A short, high electronic sound, also used to cover a rude word on radio or television."
offensive-or-insulting,13440,Boche,Noun,"An offensive old slang word for a German person, used especially in the First World War."
offensive-or-insulting,13548,Churl,Noun,"A rude, mean person; in the past, a poor farm worker of low rank."
offensive-or-insulting,13562,Cissy,Adjective,"Describing a boy or man seen as weak, timid or not tough enough, used as an insult."
offensive-or-insulting,13590,Cooly,Noun,"An offensive old word for a poorly paid labourer from Asia, now seen as a racial insult."
offensive-or-insulting,13640,Darky,Noun,"An offensive, racist word for a Black person, which should not be used."
offensive-or-insulting,13705,Dunce,Noun,A person who is slow at learning or seen as foolish; an old-fashioned insult.
offensive-or-insulting,13762,Fatso,Noun,"A rude, insulting name for an overweight person."
offensive-or-insulting,13851,Ginzo,Noun,"A hateful slur aimed at Italian Americans, now seen as very offensive."
offensive-or-insulting,13939,Honky,Noun,"An offensive, insulting slang word for a white person, mostly heard in the United States."
offensive-or-insulting,13951,Hussy,Noun,An old-fashioned insulting word for a woman judged to behave badly or without shame.
offensive-or-insulting,13957,Idiot,Noun,A very foolish person; a word used to insult someone who has acted without thinking.
offensive-or-insulting,13974,Injun,Noun,"An offensive, outdated word for a Native American person."
offensive-or-insulting,13976,Yobbo,Noun,"An informal, mainly Australian word for a rough, rude and badly behaved young man."
offensive-or-insulting,14010,Kafir,Noun,"An offensive racial slur for a Black African, used especially in South Africa."
offensive-or-insulting,14087,Limey,Noun,"A mildly insulting slang word for a British person, used mainly in the US and Australia."
offensive-or-insulting,14102,Loony,Noun,An insulting slang word for a person who behaves in a very strange or foolish way.
offensive-or-insulting,14189,Moron,Noun,A rude word for a person who acts stupidly; once also an outdated medical term.
offensive-or-insulting,14218,Nance,Noun,"An old, offensive insult for a man thought to be weak or effeminate; it should not be used."
offensive-or-insulting,14227,Negro,Noun,"An outdated term for a Black person, now considered offensive."
offensive-or-insulting,14335,Pinko,Noun,"A person whose political views are mildly left-wing, often used as an insult."
offensive-or-insulting,14374,Pommy,Noun,"A mildly insulting slang word, mainly Australian, for an English person or newcomer from Britain."
offensive-or-insulting,14378,Poove,Noun,A rude British slang insult aimed at gay men; it is offensive and should not be used.
offensive-or-insulting,14435,Resid,Noun,The thick oil left over after petrol and other fuels are separated from crude oil.
offensive-or-insulting,14602,Spick,Noun,A variant spelling of an offensive ethnic insult for a Latin American person.
offensive-or-insulting,14769,Twirp,Noun,"A rarely used word for an annoying, foolish person, usually said as a mild insult."
offensive-or-insulting,14830,Wench,Noun,"An old-fashioned word for a young woman, often a servant or barmaid, now sometimes seen as rude."
offensive-or-insulting,15031,Stupid,Noun,A foolish person; an insulting name for someone who acts without thinking.
offensive-or-insulting,15110,Excuse,Noun,A defense of some offensive behavior or some failure to keep a promise etc.
offensive-or-insulting,15219,Bawdry,Noun,"Rude, crude talk or writing about sex, usually meant to amuse."
offensive-or-insulting,15280,Buster,Noun,"An informal, sometimes slightly rude way of addressing a man or boy."
offensive-or-insulting,15303,Cheeky,Adjective,"Slightly rude or disrespectful, usually in a playful way."
offensive-or-insulting,15325,Coarse,Adjective,Rough in texture or made of large grains; also rude in manner.
offensive-or-insulting,15352,Crappy,Adjective,Of very low quality; rubbish (informal and rude).
offensive-or-insulting,15507,Filthy,Adjective,Disgustingly dirty; filled or smeared with offensive matter.
offensive-or-insulting,15531,Foully,Adverb,In an unfair and insulting manner.
offensive-or-insulting,15560,Goddam,Adjective,Used to show strong anger or annoyance; many people find it rude.
offensive-or-insulting,15646,Insult,Noun,A rude remark or action that hurts someone's pride.
offensive-or-insulting,15727,Meddle,Verb,Intrude in other people's affairs or business; interfere unwantedly.
offensive-or-insulting,15761,Nigger,Noun,An extremely offensive racial insult used against Black people.
offensive-or-insulting,15818,Pertly,Adverb,"In a cheeky, lively and slightly rude way."
offensive-or-insulting,15839,Popish,Adjective,"An old-fashioned, often insulting word for connected with the pope and the Catholic Church."
offensive-or-insulting,15905,Revile,Verb,"To criticise someone angrily and insult them in a harsh, abusive way."
offensive-or-insulting,15910,Risque,Adjective,Slightly shocking because it comes close to rude or sexual subjects.
offensive-or-insulting,15911,Romish,Adjective,Old-fashioned and often insulting: relating to the Catholic Church of the city of Rome.
offensive-or-insulting,15979,Smutty,Adjective,"Dealing with sex in a rude, offensive way."
offensive-or-insulting,15986,Snotty,Adjective,Rude and arrogant in a childish or bad-tempered way.
offensive-or-insulting,16400,Slight,Noun,An insult caused by treating someone as unimportant.
offensive-or-insulting,16491,Accost,Verb,"To approach and speak to someone boldly or in a rude, threatening way."
offensive-or-insulting,16803,Bratty,Adjective,"Behaving in a rude, spoiled and stubborn way, like an ill-mannered child."
offensive-or-insulting,16850,Caffre,Noun,"An old, deeply offensive term for a Black African, now never acceptable."
offensive-or-insulting,17014,Commie,Noun,"A rude, informal and insulting word for a communist."
offensive-or-insulting,17024,Coolie,Noun,"An offensive historical term for a hired worker from India or China, now seen as an insult."
offensive-or-insulting,17073,Cretin,Noun,A rude word for a very stupid person; also an old medical term now seen as offensive.
offensive-or-insulting,17120,Darkey,Noun,"An old, insulting racial term aimed at Black people, now regarded as hateful."
offensive-or-insulting,17121,Darkie,Noun,"A rude and hurtful racial label for a Black person, considered unacceptable today."
offensive-or-insulting,17284,Eskimo,Noun,"An outdated word for the Inuit and Yupik peoples of the Arctic, now often considered offensive."
offensive-or-insulting,17364,Foetor,Noun,"An offensive smell of rot or decay, in British spelling and often in medical writing."
offensive-or-insulting,17573,Honkey,Noun,A variant spelling of a rude slang insult aimed at white people.
offensive-or-insulting,17574,Honkie,Noun,"A rude slang insult for a white man, sometimes written with this ending in older texts."
offensive-or-insulting,17642,Jeerer,Noun,"Someone who shouts rude, scornful remarks at a person in order to make fun of them."
offensive-or-insulting,17670,Kaffir,Noun,"An offensive racial term for a Black African, now regarded as a serious insult."
offensive-or-insulting,17749,Lecher,Noun,A man who behaves in an offensive way towards people he finds attractive.
offensive-or-insulting,17917,Midget,Noun,"An offensive, outdated word for a very small person that many people find hurtful."
offensive-or-insulting,18035,Nympho,Noun,An offensive informal word for a woman thought to have an excessive interest in sex.
offensive-or-insulting,18061,Nutter,Noun,An informal and rude word for a person who behaves in a very strange or foolish way.
offensive-or-insulting,18265,Popery,Noun,An offensive word for the beliefs and practices of the Roman Catholic Church.
offensive-or-insulting,18288,Prying,Noun,Rude curiosity about other people's private affairs.
offensive-or-insulting,18295,Psycho,Noun,A mentally ill person; the word is informal and considered offensive.
offensive-or-insulting,18405,Retard,Noun,"A deeply offensive insult aimed at people with learning disabilities, which should never be used."
offensive-or-insulting,18555,Sheeny,Noun,"An old, hateful insult aimed at Jewish people, now offensive and best avoided."
offensive-or-insulting,18558,Shiksa,Noun,"A Yiddish word, often considered offensive, for a non-Jewish woman."
offensive-or-insulting,18559,Shikse,Noun,"A Yiddish term, often seen as insulting, for a non-Jewish girl or woman."
offensive-or-insulting,18563,Shirty,Adjective,"Bad-tempered or annoyed, especially in a rude way (British informal)."
offensive-or-insulting,18730,Tanker,Noun,A cargo ship designed to carry crude oil in bulk.
offensive-or-insulting,18896,Varlet,Noun,"An old word for a rude, dishonest fellow, or a servant who attended a knight."
offensive-or-insulting,18972,Whitey,Noun,"An offensive slang word for a white person, used by someone who is hostile or angry."
ethnonym-or-language,10146,Gay,Noun,"A person, especially a man, who is romantically and sexually attracted to people of the same sex."
ethnonym-or-language,10226,Ron,Noun,A Chadic language spoken in northern Nigeria.
ethnonym-or-language,10311,Aku,Noun,A Kwa language spoken by the Yoruba in southwestern Nigeria.
ethnonym-or-language,10316,Bai,Noun,The Tibeto-Burman language spoken in the Dali region of Yunnan.
ethnonym-or-language,10322,Bos,Noun,Wild and domestic cattle; in some classifications placed in the subfamily Bovinae or tribe Bovini.
ethnonym-or-language,10439,Lao,Noun,"A member of a Buddhist people living along the Mekong River in Laos and Thailand, related to the Thais."
ethnonym-or-language,10974,Maya,Noun,A member of the Native American people of southern Mexico and Central America who built great stone cities.
ethnonym-or-language,11344,Akha,Noun,A language spoken by a hill people in the hills of Southeast Asia and southwest China.
ethnonym-or-language,11420,Bura,Noun,A Chadic language spoken in north-eastern Nigeria.
ethnonym-or-language,11480,Dago,Noun,"An offensive, hurtful word once used against people of Spanish, Portuguese or Italian origin."
ethnonym-or-language,11486,Dari,Noun,An Iranian language spoken in Afghanistan.
ethnonym-or-language,11540,Erse,Noun,An old name for the Gaelic language of Scotland or Ireland.
ethnonym-or-language,11564,Fula,Noun,"A member of a large West African people of the Sahel, or the language they speak."
ethnonym-or-language,11689,Kota,Noun,A member of a small hill-dwelling people of the Nilgiri Hills in southern India.
ethnonym-or-language,11696,Lapp,Noun,"An old name, now often considered offensive, for a Sami person, a member of the reindeer-herding people of northern Scandinavia."
ethnonym-or-language,11721,Lolo,Noun,"The Yi language of southwest China, a name now thought outdated or impolite by many speakers."
ethnonym-or-language,11736,Maha,Noun,An alternative name for a member of a Siouan-speaking Native American people of the Great Plains.
ethnonym-or-language,11745,Mari,Noun,A member of a Finno-Ugric people living mainly along the Volga River in Russia.
ethnonym-or-language,11764,Miri,Noun,A language of the Mising people of Assam in northeast India.
ethnonym-or-language,11843,Peul,Noun,"The language of the Fulani people of West Africa, used widely from Senegal to Chad."
ethnonym-or-language,11947,Shan,Noun,"A member of a people of eastern Myanmar, or the language they speak."
ethnonym-or-language,12002,Taal,Noun,An official language of the Republic of South Africa; closely related to Dutch and Flemish.
ethnonym-or-language,12020,Tera,Noun,A Chadic language spoken by people in north-eastern Nigeria.
ethnonym-or-language,12089,Veps,Noun,A member of a small Finnic-speaking people living in north-western Russia.
ethnonym-or-language,12217,Chief,Noun,"The leader or ruler of a group, such as a tribe, village or team."
ethnonym-or-language,12275,Dutch,Noun,The people of the Netherlands.
ethnonym-or-language,13091,Irish,Noun,"The people of Ireland, considered as a group."
ethnonym-or-language,13149,Karen,Noun,The Tibeto-Burman language spoken in the Thailand and Burmese borderlands.
ethnonym-or-language,13195,Omaha,Noun,"A member of a Native American people of the Great Plains, now living mainly in northeastern Nebraska."
ethnonym-or-language,13227,Welsh,Noun,The Celtic language spoken in Wales.
ethnonym-or-language,13511,Carib,Noun,A member of an Indigenous people of the Caribbean islands and northern South America.
ethnonym-or-language,13529,Chaga,Noun,A Bantu language spoken around Mount Kilimanjaro in northern Tanzania.
ethnonym-or-language,13558,Cymry,Noun,"The people of Wales, as they call themselves in their own language."
ethnonym-or-language,13614,Croat,Noun,A member of the Slavic people living in Croatia.
ethnonym-or-language,13912,Hausa,Noun,A member of a large people living mainly in northern Nigeria and nearby parts of West Africa.
ethnonym-or-language,14016,Kazak,Noun,A member of a Turkic people living mainly in Kazakhstan and nearby parts of Central Asia.
ethnonym-or-language,14038,Kotar,Noun,Another spelling for a member of the Dravidian-speaking hill people of the Nilgiri Hills in India.
ethnonym-or-language,14125,Malay,Noun,A member of the main ethnic group of Malaysia and nearby parts of Southeast Asia.
ethnonym-or-language,14212,Musgu,Noun,"A Chadic language spoken in parts of Chad and Cameroon, south of Lake Chad."
ethnonym-or-language,14375,Ponca,Noun,A member of the Siouan people of the Missouri river valley in northeastern Nebraska.
ethnonym-or-language,14532,Sheik,Noun,"An Arab leader of a village, tribe or family."
ethnonym-or-language,14550,Sioux,Noun,A member of a Native American people of the northern Great Plains.
ethnonym-or-language,14602,Spick,Noun,A variant spelling of an offensive ethnic insult for a Latin American person.
ethnonym-or-language,14675,Tatar,Noun,A member of the Mongolian people of central Asia who invaded Russia in the 13th century.
ethnonym-or-language,14772,Uigur,Noun,A member of a mostly Muslim Turkic people living in Xinjiang in north-west China.
ethnonym-or-language,14786,Uzbak,Noun,A rare spelling for a member of the main Turkic-speaking people of Central Asia.
ethnonym-or-language,14787,Uzbeg,Noun,"A member of a Turkic-speaking people of Central Asia, in an older spelling."
ethnonym-or-language,14788,Uzbek,Noun,"A person from Uzbekistan, or a member of Central Asia's large Turkic-speaking ethnic group."
ethnonym-or-language,14815,Vogul,Noun,A member of a nomadic people of the northern Urals.
ethnonym-or-language,15811,Pathan,Noun,A member of the mountain people living in the eastern regions of Afghanistan.
ethnonym-or-language,16259,Census,Noun,"An official count of all the people living in a country, usually done every ten years."
ethnonym-or-language,16363,Arabic,Noun,The language spoken in much of North Africa and the Middle East.
ethnonym-or-language,16482,Abnaki,Noun,A member of a Native American people of Maine and southern Quebec.
ethnonym-or-language,16598,Arawak,Noun,A member of an Indigenous people of northeastern South America and the Caribbean.
ethnonym-or-language,16678,Basuto,Noun,The dialect of Sotho spoken by the Basotho; an official language of Lesotho.
ethnonym-or-language,16692,Beduin,Noun,A member of a nomadic tribe of Arabs.
ethnonym-or-language,16959,Cymric,Noun,The Celtic language of Wales; Welsh.
ethnonym-or-language,17291,Ethnos,Noun,People of the same race or nationality who share a distinctive culture.
ethnonym-or-language,17397,Gaelic,Noun,A Celtic language spoken in parts of Ireland and Scotland.
ethnonym-or-language,17431,Gentry,Noun,"People of high social class, just below the nobility."
ethnonym-or-language,17626,Yokuts,Noun,"A Native American language of California, spoken in the San Joaquin Valley."
ethnonym-or-language,17715,Ladino,Noun,"In Central America, a person of mixed Spanish and Indigenous descent; also a Spanish-based language of Sephardic Jews."
ethnonym-or-language,17723,Lakota,Noun,The language of the western Sioux people of the northern Great Plains.
ethnonym-or-language,17827,Luvian,Noun,"An old Indo-European language of ancient Anatolia, written in hieroglyphic script."
ethnonym-or-language,17828,Luwian,Noun,"An ancient language of the Hittite family, once spoken in what is now Turkey."
ethnonym-or-language,17838,Magyar,Noun,"A member of the main ethnic group of Hungary, or a Hungarian."
ethnonym-or-language,17913,Micmac,Noun,A member of an Algonquian-speaking people of eastern Canada.
ethnonym-or-language,17941,Mirish,Noun,A little-known Tibeto-Burman language of the hills of northeast India.
ethnonym-or-language,17973,Mordva,Noun,A member of a farming people living in the Volga region of Russia.
ethnonym-or-language,18016,Navaho,Noun,"An older spelling of the name of the large Native American people of Arizona, New Mexico and Utah."
ethnonym-or-language,18098,Ostyak,Noun,A member of the nomadic Ugrian people living in northwestern Siberia (east of the Urals).
ethnonym-or-language,18147,Pashto,Noun,An Iranian language spoken in Afghanistan and Pakistan; the official language of Afghanistan.
ethnonym-or-language,18467,Salian,Noun,A member of the tribe of Franks who settled in the Netherlands in the 4th century AD.
ethnonym-or-language,18482,Santee,Noun,A member of the eastern Sioux (Dakota) people of North America.
ethnonym-or-language,18634,Somali,Noun,"A member of the people of Somalia, in the Horn of Africa."
ethnonym-or-language,18708,Susian,Noun,"The ancient language of Elam, in what is now south-western Iran."
ethnonym-or-language,18722,Tajiki,Noun,The Iranian language of the Tajik that is closely related to Farsi; spoken in Iran and Tajikistan.
ethnonym-or-language,18834,Tswana,Noun,A member of a Bantu people living mainly in Botswana and western South Africa.
ethnonym-or-language,18864,Uighur,Noun,The Turkic language spoken by a people of Xinjiang in western China.
ethnonym-or-language,18934,Votyak,Noun,A member of the Finno-Ugric-speaking people living in eastern European Russia.
ethnonym-or-language,18954,Watusi,Noun,A member of a Bantu speaking people living in Rwanda and Burundi.
ethnonym-or-language,19004,Zyrian,Noun,The Finnic language spoken by the Komi.
